<keymap version="1" name="Default copy" parent="$default">
  <action id="PinActiveTab">
    <keyboard-shortcut first-keystroke="alt k" second-keystroke="period" />
  </action>
  <action id="RevealIn">
    <keyboard-shortcut first-keystroke="shift alt v" />
  </action>
  <action id="Runner.CloseAllUnpinnedViews">
    <keyboard-shortcut first-keystroke="alt k" second-keystroke="p" />
  </action>
  <action id="Runner.CloseAllViews">
    <keyboard-shortcut first-keystroke="alt k" second-keystroke="a" />
  </action>
  <action id="Runner.CloseOtherViews">
    <keyboard-shortcut first-keystroke="alt k" second-keystroke="t" />
  </action>
  <action id="SelectInProjectView">
    <keyboard-shortcut first-keystroke="shift alt l" />
  </action>
  <action id="context.load" />
</keymap>