<keymap version="1" name="Default for XWin copy" parent="Default for XWin">
  <action id="CloseAllEditors">
    <keyboard-shortcut first-keystroke="alt k" second-keystroke="a" />
  </action>
  <action id="CloseAllEditorsButActive">
    <keyboard-shortcut first-keystroke="alt k" second-keystroke="t" />
  </action>
  <action id="CloseAllUnpinnedEditors">
    <keyboard-shortcut first-keystroke="alt k" second-keystroke="p" />
  </action>
  <action id="PinActiveTab">
    <keyboard-shortcut first-keystroke="alt k" second-keystroke="period" />
  </action>
  <action id="SelectInProjectView">
    <keyboard-shortcut first-keystroke="shift alt l" />
  </action>
  <action id="ShowErrorDescription">
    <keyboard-shortcut first-keystroke="ctrl f1" />
    <keyboard-shortcut first-keystroke="alt t" />
  </action>
  <action id="context.load" />
  <action id="emacsIDEAs.AceJumpWord">
    <keyboard-shortcut first-keystroke="ctrl semicolon" />
  </action>
</keymap>